name,datetime,temp,feelslike,dew,humidity,precip,precipprob,preciptype,snow,snowdepth,windgust,windspeed,winddir,sealevelpressure,cloudcover,visibility,solarradiation,solarenergy,uvindex,severerisk,conditions,icon,stations
Bangkok,2022-11-21T00:00:00,26.7,28.9,22.6,78.23,0,0,,0,0,8.3,2,41,1008.6,25,10,0,,0,10,Partially cloudy,partly-cloudy-night,"VTBS,VTBD"
Bangkok,2022-11-21T01:00:00,27,29.4,22.6,77.03,0,0,,0,0,3.2,0.7,41,1008,25,10,0,,0,10,Partially cloudy,partly-cloudy-night,"VTBS,VTBD"
Bangkok,2022-11-21T02:00:00,27,29.4,22.6,77.03,0,0,,0,0,4.7,3.1,255,1007.6,64.8,10,0,,0,10,Partially cloudy,partly-cloudy-night,"VTBS,VTBD"
Bangkok,2022-11-21T03:00:00,27,29.4,22.6,77.03,0.7,100,rain,0,0,8.6,4.7,294,1007,25,10,0,,0,10,"Rain, Partially cloudy",rain,"VTBS,VTBD"
Bangkok,2022-11-21T04:00:00,27,29.4,22.6,77.03,0.7,100,rain,0,0,11.2,6.1,358,1006.6,48.2,10,0,,0,10,"Rain, Partially cloudy",rain,"VTBS,VTBD"
Bangkok,2022-11-21T05:00:00,26.6,26.6,22.6,78.72,0.4,100,rain,0,0,12.6,3.6,327,1006.6,48.2,10,0,,0,10,"Rain, Partially cloudy",rain,"VTBS,VTBD"
Bangkok,2022-11-21T06:00:00,26.6,26.6,22.6,78.72,0.1,100,rain,0,0,14.4,6.8,317,1006.6,48.2,10,0,,0,10,"Rain, Partially cloudy",rain,"VTBS,VTBD"
Bangkok,2022-11-21T07:00:00,27,29.8,23.6,81.83,0,0,,0,0,16.9,9,330,1007,48.2,10,34,0.1,0,10,Partially cloudy,partly-cloudy-day,"E4214,VTBS,VTBD"
Bangkok,2022-11-21T08:00:00,28,31.6,23.6,77.18,0,0,,0,0,19.8,10.5,336,1007.6,48.2,10,135,0.5,1,10,Partially cloudy,partly-cloudy-day,"E4214,VTBS,VTBD"
Bangkok,2022-11-21T09:00:00,28.9,32.6,23,70.1,0,0,,0,0,27.7,16.4,13,1008.6,48.2,10,161,0.6,2,10,Partially cloudy,partly-cloudy-day,"E4214,VTBS,VTBD"
Bangkok,2022-11-21T10:00:00,29.3,33.2,23,68.62,0,0,,0,0,27,13.4,23,1009,48.2,10,374,1.3,4,10,Partially cloudy,partly-cloudy-day,"E4214,VTBS,VTBD"
Bangkok,2022-11-21T11:00:00,30.6,34,22,60.05,0,0,,0,0,22.7,12.3,53,1008.6,48.2,10,514,1.9,5,10,Partially cloudy,partly-cloudy-day,"E4214,VTBS,VTBD"
Bangkok,2022-11-21T12:00:00,31,35.4,23,62.49,0,0,,0,0,21.2,10.7,40,1007.6,25,10,651,2.3,7,10,Partially cloudy,partly-cloudy-day,"E4214,VTBS,VTBD"
Bangkok,2022-11-21T13:00:00,32,36.3,22.6,57.73,0,0,,0,0,18,7.9,40.3,1006,25,10,305,1.1,3,10,Partially cloudy,partly-cloudy-day,"E4214,VTBS,VTBD"
Bangkok,2022-11-21T14:00:00,32,35.7,22,55.55,0,0,,0,0,11.9,15.4,32,1005.6,25,10,296,1.1,3,10,Partially cloudy,partly-cloudy-day,"E4214,VTBS,VTBD"
Bangkok,2022-11-21T15:00:00,31.6,35.2,22,56.73,0,0,,0,0,9.4,15,50,1005,48.2,10,251,0.9,3,10,Partially cloudy,partly-cloudy-day,"E4214,VTBS,VTBD"
Bangkok,2022-11-21T16:00:00,31,35,22.6,61.1,0,0,,0,0,7.2,1.8,52.2,1005,48.2,10,121,0.4,1,10,Partially cloudy,partly-cloudy-day,"E4214,VTBS,VTBD"
Bangkok,2022-11-21T17:00:00,31,34.4,22,58.8,0,0,,0,0,5,10,25,1005.6,48.2,10,50,0.2,1,10,Partially cloudy,partly-cloudy-day,"E4214,VTBS,VTBD"
Bangkok,2022-11-21T18:00:00,30.6,34.3,22.3,61.42,0,0,,0,0,5,11.2,16,1006,48.2,10,8,0,0,10,Partially cloudy,partly-cloudy-night,"E4214,VTBS,VTBD"
Bangkok,2022-11-21T19:00:00,30,33.7,22.6,64.71,0,0,,0,0,6.8,9.4,325,1007,48.2,10,0,,0,10,Partially cloudy,partly-cloudy-night,"VTBS,VTBD"
Bangkok,2022-11-21T20:00:00,30,34.3,23.2,67.23,0,0,,0,0,7.2,7.9,315,1007,25,10,0,,0,10,Partially cloudy,partly-cloudy-night,"VTBS,VTBD"
Bangkok,2022-11-21T21:00:00,30,34.6,23.6,68.74,0,0,,0,0,7.2,7.2,301,1008,25,10,0,,0,10,Partially cloudy,partly-cloudy-night,"VTBS,VTBD"
Bangkok,2022-11-21T22:00:00,28.9,33.1,23.6,72.82,0,0,,0,0,7.6,6.1,317,1008,25,10,0,,0,10,Partially cloudy,partly-cloudy-night,"VTBS,VTBD"
Bangkok,2022-11-21T23:00:00,26.6,26.6,22.4,77.77,0,0,,0,0,7.2,6.1,301.7,1008,5.4,24.1,0,,0,10,Clear,clear-night,
Bangkok,2022-11-22T00:00:00,26.3,26.3,22.4,79.16,0,0,,0,0,9,6.8,302.5,1008,72.8,24.1,0,,0,10,Partially cloudy,partly-cloudy-night,
Bangkok,2022-11-22T01:00:00,26,26,22.4,80.57,0,0,,0,0,13,7.9,323.3,1007,32.3,24.1,0,,0,10,Partially cloudy,partly-cloudy-night,
Bangkok,2022-11-22T02:00:00,25.8,25.8,22.2,80.55,0,9.5,,0,0,14,7.2,338.3,1006,44.5,24.1,0,,0,10,Partially cloudy,partly-cloudy-night,
Bangkok,2022-11-22T03:00:00,25.6,25.6,22.1,81.01,0,9.5,,0,0,14.8,7.2,340.3,1006,75.2,24.1,0,,0,10,Partially cloudy,partly-cloudy-night,
Bangkok,2022-11-22T04:00:00,25.5,25.5,22.1,81.5,0,9.5,,0,0,15.8,7.9,336.6,1006,99.8,24.1,0,,0,10,Overcast,cloudy,
Bangkok,2022-11-22T05:00:00,25.3,25.3,22.2,82.97,0,9.5,,0,0,15.8,7.6,339.4,1006,68.4,24.1,0,,0,3,Partially cloudy,partly-cloudy-night,
Bangkok,2022-11-22T06:00:00,25.2,25.2,22.2,83.47,0,9.5,,0,0,14,6.5,336.8,1007,61.2,24.1,0,,0,10,Partially cloudy,partly-cloudy-night,
Bangkok,2022-11-22T07:00:00,25.5,25.5,22.4,83,0.1,9.5,rain,0,0,10.8,4.7,341.6,1008,67.5,19.7,18,0.1,0,10,Partially cloudy,partly-cloudy-day,
Bangkok,2022-11-22T08:00:00,26.5,26.5,22.5,78.7,0,23.8,,0,0,12.2,8.6,338.9,1008,46.6,24.1,183,0.7,2,10,Partially cloudy,partly-cloudy-day,
Bangkok,2022-11-22T09:00:00,27.9,30.8,22.6,72.94,0,23.8,,0,0,14,10.4,350.3,1009,5,24.1,411,1.5,4,10,Clear,clear-day,
Bangkok,2022-11-22T10:00:00,29.5,32.8,22.3,65.27,0,23.8,,0,0,12.2,9.7,9.1,1009,7,24.1,609,2.2,6,10,Clear,clear-day,
Bangkok,2022-11-22T11:00:00,30.9,34.1,21.7,58.07,0.1,23.8,rain,0,0,10.8,9.7,29.9,1008,5,24.1,751,2.7,8,10,Clear,clear-day,
Bangkok,2022-11-22T12:00:00,31.8,34.8,21.3,53.83,0,23.8,,0,0,9.7,9,23.3,1007,5,24.1,827,3,8,10,Clear,clear-day,
Bangkok,2022-11-22T13:00:00,32.5,35.6,21.2,51.42,0,23.8,,0,0,9.4,8.3,15.2,1006,5.6,24.1,832,3,8,10,Clear,clear-day,
Bangkok,2022-11-22T14:00:00,32.9,35.9,21,49.66,0,66.7,rain,0,0,10.1,8.3,13,1005,10.6,24.1,765,2.8,8,10,Rain,rain,
Bangkok,2022-11-22T15:00:00,33.1,36.1,20.9,48.81,0,66.7,rain,0,0,10.4,9,13.1,1004,26.2,24.1,632,2.3,6,10,"Rain, Partially cloudy",rain,
Bangkok,2022-11-22T16:00:00,32.8,35.9,21.1,50.25,0.1,66.7,rain,0,0,11.2,10.8,11.1,1004,34.7,24.1,434,1.6,4,10,"Rain, Partially cloudy",rain,
Bangkok,2022-11-22T17:00:00,32,35.2,21.5,53.88,0,66.7,rain,0,0,11.9,10.8,6.4,1004,42.7,24.1,191,0.7,2,10,"Rain, Partially cloudy",rain,
Bangkok,2022-11-22T18:00:00,30.8,34.5,22.3,60.57,0.1,66.7,rain,0,0,15.8,8.3,10.6,1005,44.6,23.3,25,0.1,0,30,"Rain, Partially cloudy",rain,
Bangkok,2022-11-22T19:00:00,30.3,34.3,22.8,64.26,0.2,66.7,rain,0,0,14.4,6.1,29,1006,42.3,24.1,0,,0,30,"Rain, Partially cloudy",rain,
Bangkok,2022-11-22T20:00:00,29.6,33.7,23.2,68.54,0.3,28.6,rain,0,0,5.8,3.2,30.8,1007,97.1,24.1,0,,0,30,Overcast,cloudy,
Bangkok,2022-11-22T21:00:00,28.9,32.9,23.5,72.67,0.4,28.6,rain,0,0,6.1,3.6,0.5,1008,95.6,24.1,0,,0,30,Overcast,cloudy,
Bangkok,2022-11-22T22:00:00,28.4,32.3,23.8,76.17,0.1,28.6,rain,0,0,9,5.8,340.7,1007,92,24.1,0,,0,30,Overcast,cloudy,
Bangkok,2022-11-22T23:00:00,28.1,31.9,23.9,77.98,0,28.6,,0,0,7.6,4.3,329.5,1007,99.1,24.1,0,,0,30,Overcast,cloudy,
Bangkok,2022-11-23T00:00:00,27.9,31.6,23.9,78.9,0,28.6,,0,0,7.2,4.7,322.5,1007,99.9,24.1,0,,0,30,Overcast,cloudy,
Bangkok,2022-11-23T01:00:00,27.5,30.7,23.7,79.8,0.1,28.6,rain,0,0,10.1,6.5,323.5,1007,100,24.1,0,,0,30,Overcast,cloudy,
Bangkok,2022-11-23T02:00:00,26.9,29.6,23.5,81.67,0.1,81,rain,0,0,13.7,7.2,323.1,1006,98.2,22.9,0,,0,30,"Rain, Overcast",rain,
Bangkok,2022-11-23T03:00:00,26.5,26.5,23.3,82.61,0.6,81,rain,0,0,10.4,6.8,316,1006,100,17.6,0,,0,10,"Rain, Overcast",rain,
Bangkok,2022-11-23T04:00:00,26,26,23.4,85.6,0.4,81,rain,0,0,11.5,7.6,305.5,1006,100,17.5,0,,0,10,"Rain, Overcast",rain,
Bangkok,2022-11-23T05:00:00,25.6,25.6,23.3,87.13,0.6,81,rain,0,0,9,6.5,315.6,1007,100,17.6,0,,0,10,"Rain, Overcast",rain,
Bangkok,2022-11-23T06:00:00,25.5,25.5,23.4,88.18,0.1,81,rain,0,0,10.8,6.5,341.6,1007,100,24.1,0,,0,10,"Rain, Overcast",rain,
Bangkok,2022-11-23T07:00:00,25.7,25.7,23.5,87.67,0,81,rain,0,0,12.2,6.5,14,1008,89.1,22.8,6,0,0,10,"Rain, Partially cloudy",rain,
Bangkok,2022-11-23T08:00:00,25.7,25.7,23.4,87.14,1.3,85.7,rain,0,0,10.1,6.5,45.3,1008,100,4.8,48,0.2,0,10,"Rain, Overcast",rain,
Bangkok,2022-11-23T09:00:00,26,26,23.5,86.12,1.8,85.7,rain,0,0,14.8,8.3,63.7,1009,100,16.7,47,0.2,0,10,"Rain, Overcast",rain,
Bangkok,2022-11-23T10:00:00,26.7,26.7,23.3,81.64,0.3,85.7,rain,0,0,7.9,5.8,73,1009,100,17.9,140,0.5,1,10,"Rain, Overcast",rain,
Bangkok,2022-11-23T11:00:00,27.2,30,23.2,78.8,0.1,85.7,rain,0,0,7.6,6.8,71.5,1008,100,22.8,251,0.9,3,10,"Rain, Overcast",rain,
Bangkok,2022-11-23T12:00:00,27.4,30.4,23.4,78.83,1,85.7,rain,0,0,7.2,6.1,88.7,1007,100,5.2,341,1.2,3,10,"Rain, Overcast",rain,
Bangkok,2022-11-23T13:00:00,27.8,31.2,23.6,77.94,1.6,85.7,rain,0,0,5,4,81,1006,100,6.2,407,1.5,4,10,"Rain, Overcast",rain,
Bangkok,2022-11-23T14:00:00,28.1,31.7,23.6,76.59,1.7,90.5,rain,0,0,5.8,4.3,97.9,1006,100,7.1,421,1.5,4,10,"Rain, Overcast",rain,
Bangkok,2022-11-23T15:00:00,28,31.5,23.6,77.04,1.7,90.5,rain,0,0,6.8,5.8,106,1005,100,6.3,380,1.4,4,30,"Rain, Overcast",rain,
Bangkok,2022-11-23T16:00:00,27.6,30.9,23.7,79.33,1.5,90.5,rain,0,0,8.3,6.8,97.4,1005,100,16.8,263,0.9,3,30,"Rain, Overcast",rain,
Bangkok,2022-11-23T17:00:00,26.8,29.6,24,84.66,1.9,90.5,rain,0,0,9.4,6.1,94.9,1005,100,5.5,114,0.4,1,30,"Rain, Overcast",rain,
Bangkok,2022-11-23T18:00:00,26.3,26.3,24.1,87.72,1,90.5,rain,0,0,10.4,6.1,99,1006,100,10.6,18,0.1,0,30,"Rain, Overcast",rain,
Bangkok,2022-11-23T19:00:00,26.2,26.2,24.1,88.24,0.2,90.5,rain,0,0,12.6,6.5,103.5,1007,99.9,24.1,0,,0,30,"Rain, Overcast",rain,
Bangkok,2022-11-23T20:00:00,25.9,25.9,23.9,88.75,0.3,95.2,rain,0,0,15.5,6.8,109.5,1008,98.1,23.5,0,,0,10,"Rain, Overcast",rain,
Bangkok,2022-11-23T21:00:00,25.7,25.7,23.8,89.27,0.3,95.2,rain,0,0,13.3,5,104.9,1008,73.2,23,0,,0,10,"Rain, Partially cloudy",rain,
Bangkok,2022-11-23T22:00:00,25.7,25.7,23.9,89.81,0,95.2,rain,0,0,13.3,5.4,103.7,1008,86.4,24.1,0,,0,10,"Rain, Partially cloudy",rain,
Bangkok,2022-11-23T23:00:00,25.6,25.6,23.9,90.34,0.1,95.2,rain,0,0,11.5,4,94.5,1008,99.1,24.1,0,,0,10,"Rain, Overcast",rain,
Bangkok,2022-11-24T00:00:00,25.5,25.5,23.9,90.88,0,95.2,rain,0,0,14,5,88.1,1008,66.3,24.1,0,,0,10,"Rain, Partially cloudy",rain,
Bangkok,2022-11-24T01:00:00,25.2,25.2,23.7,91.41,0.5,95.2,rain,0,0,15.1,6.5,83.9,1008,100,9.3,0,,0,10,"Rain, Overcast",rain,
Bangkok,2022-11-24T02:00:00,24.9,24.9,23.5,91.94,0.4,81,rain,0,0,16.2,7.6,66,1007,98.2,19,0,,0,10,"Rain, Overcast",rain,
Bangkok,2022-11-24T03:00:00,24.8,24.8,23.4,91.94,0.1,81,rain,0,0,16.9,7.2,64.1,1007,100,24.1,0,,0,10,"Rain, Overcast",rain,
Bangkok,2022-11-24T04:00:00,24.6,24.6,23.3,92.48,0.2,81,rain,0,0,16.9,6.8,67.2,1007,95.2,20.6,0,,0,10,"Rain, Overcast",rain,
Bangkok,2022-11-24T05:00:00,24.6,24.6,23.2,91.93,0.1,81,rain,0,0,14,5.8,65.3,1007,100,24.1,0,,0,10,"Rain, Overcast",rain,
Bangkok,2022-11-24T06:00:00,24.6,24.6,23.2,91.93,0,81,rain,0,0,18.7,7.6,61.8,1008,100,24.1,0,,0,10,"Rain, Overcast",rain,
Bangkok,2022-11-24T07:00:00,24.7,24.7,23.3,91.93,0,81,rain,0,0,20.2,7.9,64.7,1008,100,24.1,8,0,0,10,"Rain, Overcast",rain,
Bangkok,2022-11-24T08:00:00,25.2,25.2,23.3,89.23,0,90.5,rain,0,0,21.2,11.9,64.2,1009,100,20.9,99,0.4,1,10,"Rain, Overcast",rain,
Bangkok,2022-11-24T09:00:00,26.2,26.2,23.4,84.6,0.4,90.5,rain,0,0,17.3,11.2,68.3,1010,100,16.4,259,0.9,3,10,"Rain, Overcast",rain,
Bangkok,2022-11-24T10:00:00,27,29.8,23.6,81.68,1,90.5,rain,0,0,15.8,10.8,75.1,1010,100,9.2,426,1.5,4,10,"Rain, Overcast",rain,
Bangkok,2022-11-24T11:00:00,28.4,32.1,23.5,74.81,0.3,90.5,rain,0,0,15.1,11.2,71.2,1010,100,24.1,698,2.5,7,10,"Rain, Overcast",rain,
Bangkok,2022-11-24T12:00:00,29.2,33.1,23.2,70.14,0.4,90.5,rain,0,0,14,11.5,77.5,1009,96.1,23.7,758,2.7,8,30,"Rain, Overcast",rain,
Bangkok,2022-11-24T13:00:00,29.2,33.3,23.4,70.99,1.1,90.5,rain,0,0,14,12.6,72.6,1007,100,6.3,708,2.5,7,30,"Rain, Overcast",rain,
Bangkok,2022-11-24T14:00:00,28.7,32.7,23.6,73.96,1.5,100,rain,0,0,12.2,10.4,81.8,1007,100,7.5,549,2,5,30,"Rain, Overcast",rain,
Bangkok,2022-11-24T15:00:00,28.9,33.1,23.7,73.55,0.9,100,rain,0,0,10.1,7.9,86.4,1006,93.2,17.5,530,1.9,5,30,"Rain, Overcast",rain,
Bangkok,2022-11-24T16:00:00,28.6,32.5,23.6,74.39,1.1,100,rain,0,0,9,6.8,95.7,1006,100,12.5,363,1.3,4,30,"Rain, Overcast",rain,
Bangkok,2022-11-24T17:00:00,28,31.8,24,78.91,1.1,100,rain,0,0,7.6,4.7,121.9,1007,100,17.7,170,0.6,2,30,"Rain, Overcast",rain,
Bangkok,2022-11-24T18:00:00,26.9,29.8,24.1,84.67,1.6,100,rain,0,0,4.7,4.3,144.1,1007,100,5.1,29,0.1,0,30,"Rain, Overcast",rain,
Bangkok,2022-11-24T19:00:00,26.5,26.5,24,86.17,2.2,100,rain,0,0,4.7,4.3,167.2,1008,100,4.8,0,,0,10,"Rain, Overcast",rain,
Bangkok,2022-11-24T20:00:00,26.4,26.4,23.9,86.16,2.2,95.2,rain,0,0,4.3,4,188.4,1010,100,5,0,,0,10,"Rain, Overcast",rain,
Bangkok,2022-11-24T21:00:00,26.3,26.3,23.9,86.67,2.1,95.2,rain,0,0,2.5,2.5,213,1010,100,5.7,0,,0,10,"Rain, Overcast",rain,
Bangkok,2022-11-24T22:00:00,26.1,26.1,23.8,87.18,1.6,95.2,rain,0,0,3.6,2.9,298.4,1010,100,7.1,0,,0,10,"Rain, Overcast",rain,
Bangkok,2022-11-24T23:00:00,25.8,25.8,23.7,88.21,1.6,95.2,rain,0,0,5.4,4.3,325.7,1010,100,6.8,0,,0,10,"Rain, Overcast",rain,
Bangkok,2022-11-25T00:00:00,25.5,25.5,23.7,89.79,0.8,95.2,rain,0,0,7.9,5.8,341.1,1010,100,22,0,,0,10,"Rain, Overcast",rain,
Bangkok,2022-11-25T01:00:00,25.2,25.2,23.7,91.41,0.6,95.2,rain,0,0,10.1,6.8,0.4,1010,100,14.9,0,,0,10,"Rain, Overcast",rain,
Bangkok,2022-11-25T02:00:00,24.9,24.9,23.7,93.06,0.4,95.2,rain,0,0,11.9,7.6,4.6,1009,100,13.7,0,,0,10,"Rain, Overcast",rain,
Bangkok,2022-11-25T03:00:00,24.8,24.8,23.7,93.62,0.3,95.2,rain,0,0,10.4,7.2,360,1009,100,24.1,0,,0,10,"Rain, Overcast",rain,
Bangkok,2022-11-25T04:00:00,24.7,24.7,23.6,93.61,0.2,95.2,rain,0,0,11.5,7.9,7.8,1009,100,22.8,0,,0,10,"Rain, Overcast",rain,
Bangkok,2022-11-25T05:00:00,24.6,24.6,23.6,94.17,0.3,95.2,rain,0,0,12.6,7.9,16.2,1009,100,22.8,0,,0,10,"Rain, Overcast",rain,
Bangkok,2022-11-25T06:00:00,24.5,24.5,23.5,94.17,0.7,95.2,rain,0,0,14,7.9,37.3,1010,100,23.2,0,,0,10,"Rain, Overcast",rain,
Bangkok,2022-11-25T07:00:00,24.6,24.6,23.6,94.17,0.1,95.2,rain,0,0,16.2,8.6,54.2,1011,100,24,9,0,0,10,"Rain, Overcast",rain,
Bangkok,2022-11-25T08:00:00,24.9,24.9,23.5,91.94,0.4,95.2,rain,0,0,13.7,9,63.5,1011,100,21.8,52,0.2,1,10,"Rain, Overcast",rain,
Bangkok,2022-11-25T09:00:00,25.3,25.3,23.7,90.87,2,95.2,rain,0,0,11.5,7.6,94.6,1012,100,4.9,121,0.4,1,10,"Rain, Overcast",rain,
Bangkok,2022-11-25T10:00:00,25.2,25.2,23.7,91.41,2.7,95.2,rain,0,0,12.6,7.6,158.5,1012,100,15,99,0.4,1,10,"Rain, Overcast",rain,
Bangkok,2022-11-25T11:00:00,24.7,24.7,23.6,93.61,2.3,95.2,rain,0,0,16.6,9,178.2,1011,100,10,83,0.3,1,10,"Rain, Overcast",rain,
Bangkok,2022-11-25T12:00:00,25.1,25.1,23.7,91.95,1.5,95.2,rain,0,0,16.9,8.6,159.4,1011,100,17,142,0.5,1,10,"Rain, Overcast",rain,
Bangkok,2022-11-25T13:00:00,25.6,25.6,23.8,89.8,0.5,95.2,rain,0,0,20.9,12.2,154.4,1010,100,21.8,186,0.7,2,30,"Rain, Overcast",rain,
Bangkok,2022-11-25T14:00:00,26,26,23.8,87.69,0.1,76.2,rain,0,0,23,14.4,157.8,1009,100,24,199,0.7,2,30,"Rain, Overcast",rain,
Bangkok,2022-11-25T15:00:00,26.4,26.4,23.6,84.62,0.1,76.2,rain,0,0,23.4,13,165.4,1008,100,24.1,213,0.8,2,30,"Rain, Overcast",rain,
Bangkok,2022-11-25T16:00:00,26.4,26.4,23.7,85.13,0,76.2,rain,0,0,24.8,13.3,171,1008,100,24.1,168,0.6,2,30,"Rain, Overcast",rain,
Bangkok,2022-11-25T17:00:00,26.1,26.1,23.6,86.13,0,76.2,rain,0,0,26.6,12.6,165.8,1009,100,24.1,101,0.4,1,30,"Rain, Overcast",rain,
Bangkok,2022-11-25T18:00:00,25.8,25.8,23.4,86.63,0,76.2,rain,0,0,23.8,8.6,169.1,1009,99.7,24.1,18,0.1,0,10,"Rain, Overcast",rain,
Bangkok,2022-11-25T19:00:00,25.7,25.7,23.5,87.67,0,76.2,rain,0,0,23.4,7.6,153.4,1010,73.9,24.1,0,,0,10,"Rain, Partially cloudy",rain,
Bangkok,2022-11-25T20:00:00,25.6,25.6,23.4,87.66,0.1,61.9,rain,0,0,25.9,9,143.7,1011,89.6,24.1,0,,0,10,"Rain, Partially cloudy",rain,
Bangkok,2022-11-25T21:00:00,25.3,25.3,23.4,89.24,0.3,61.9,rain,0,0,28.1,10.8,140.7,1011,91.2,24.1,0,,0,10,"Rain, Overcast",rain,
Bangkok,2022-11-25T22:00:00,25.3,25.3,23.4,89.24,0,61.9,rain,0,0,29.2,12.2,143.5,1011,100,24.1,0,,0,10,"Rain, Overcast",rain,
Bangkok,2022-11-25T23:00:00,25.2,25.2,23.3,89.23,0.2,61.9,rain,0,0,27.4,10.8,149.1,1011,100,24.1,0,,0,10,"Rain, Overcast",rain,
Bangkok,2022-11-26T00:00:00,25.1,25.1,23.3,89.76,0,61.9,rain,0,0,26.6,9.4,158,1011,100,24.1,0,,0,10,"Rain, Overcast",rain,
Bangkok,2022-11-26T01:00:00,25,25,23.3,90.3,0.7,61.9,rain,0,0,28.4,10.1,160.2,1010,100,13,0,,0,10,"Rain, Overcast",rain,
Bangkok,2022-11-26T02:00:00,24.7,24.7,23.2,91.38,1.7,57.1,rain,0,0,27.7,10.4,157.9,1010,100,13.3,0,,0,10,"Rain, Overcast",rain,
Bangkok,2022-11-26T03:00:00,24.7,24.7,23.1,90.83,1.8,57.1,rain,0,0,24.1,8.3,151.9,1009,100,6.3,0,,0,10,"Rain, Overcast",rain,
Bangkok,2022-11-26T04:00:00,24.3,24.3,23.1,93.03,2.1,57.1,rain,0,0,16.2,6.8,134,1009,100,4.6,0,,0,10,"Rain, Overcast",rain,
Bangkok,2022-11-26T05:00:00,24.4,24.4,23.2,93.03,0.9,57.1,rain,0,0,15.1,6.5,120.9,1009,100,24.1,0,,0,10,"Rain, Overcast",rain,
Bangkok,2022-11-26T06:00:00,24.5,24.5,23.3,93.04,0,57.1,rain,0,0,15.5,7.2,114.5,1009,85.9,24.1,0,,0,10,"Rain, Partially cloudy",rain,
Bangkok,2022-11-26T07:00:00,24.3,24.3,23.3,94.16,0.6,57.1,rain,0,0,19.8,8.3,112.1,1010,97.7,21.7,14,0.1,0,10,"Rain, Overcast",rain,
Bangkok,2022-11-26T08:00:00,25.4,25.4,23.6,89.78,1.3,66.7,rain,0,0,22.7,10.4,126.6,1011,96.9,6.4,160,0.6,2,10,"Rain, Overcast",rain,
Bangkok,2022-11-26T09:00:00,26.9,29.5,23.4,81.18,0.6,66.7,rain,0,0,21.2,13,144.1,1012,100,24.1,343,1.2,3,10,"Rain, Overcast",rain,
Bangkok,2022-11-26T10:00:00,27.8,31,23.2,76.08,0.3,66.7,rain,0,0,20.5,15.5,156.4,1011,88.1,17.7,492,1.8,5,10,"Rain, Partially cloudy",rain,
Bangkok,2022-11-26T11:00:00,28.6,32.1,23,71.74,0.2,66.7,rain,0,0,19.8,16.6,165.5,1011,80.9,24.1,622,2.2,6,10,"Rain, Partially cloudy",rain,
Bangkok,2022-11-26T12:00:00,29.1,32.5,22.6,68.02,0,66.7,rain,0,0,19.8,16.9,172.8,1010,76.8,24.1,659,2.4,7,10,"Rain, Partially cloudy",rain,
Bangkok,2022-11-26T13:00:00,29.7,33,22.3,64.52,0,66.7,rain,0,0,20.9,18.7,175.9,1008,94.6,24.1,756,2.7,8,10,"Rain, Overcast",rain,
Bangkok,2022-11-26T14:00:00,29.4,32.7,22.3,65.65,0,52.4,rain,0,0,20.6,18.4,174.6,1007.3,84.9,24.1,692.3,2.5,7,10,"Rain, Partially cloudy",rain,
Bangkok,2022-11-26T15:00:00,29.1,32.3,22.3,66.8,0,52.4,rain,0,0,20.4,18,173.3,1006.7,75.3,24.1,628.7,2.2,6,10,"Rain, Partially cloudy",rain,
Bangkok,2022-11-26T16:00:00,28.8,31.8,22.3,67.97,0,52.4,rain,0,0,20.2,17.6,172,1006,65.6,24.1,565,2,6,10,"Rain, Partially cloudy",rain,
Bangkok,2022-11-26T17:00:00,28.2,31.2,22.5,71.25,0,52.4,rain,0,0,22,16.2,173,1006.7,49.7,24.1,403,1.4,4,10,"Rain, Partially cloudy",rain,
Bangkok,2022-11-26T18:00:00,27.6,30.5,22.7,74.69,0,52.4,rain,0,0,23.8,14.8,174,1007.3,33.8,24.1,241,0.9,0,10,"Rain, Partially cloudy",rain,
Bangkok,2022-11-26T19:00:00,27.1,29.7,23,78.31,0,52.4,rain,0,0,25.6,13.3,175,1008,17.9,24.1,79,0.3,0,30,Rain,rain,
Bangkok,2022-11-26T20:00:00,26.8,29.3,23,79.55,0,28.6,,0,0,26.6,13.4,170.3,1008.7,24.3,24.1,52.7,0.2,0,30,Partially cloudy,partly-cloudy-night,
Bangkok,2022-11-26T21:00:00,26.6,26.6,23,80.82,0,28.6,,0,0,27.7,13.6,165.5,1009.3,30.6,24.1,26.3,0.1,0,30,Partially cloudy,partly-cloudy-night,
Bangkok,2022-11-26T22:00:00,26.4,26.4,23.1,82.1,0.4,28.6,rain,0,0,28.8,13.7,160.8,1010,37,24.1,0,,0,30,Partially cloudy,partly-cloudy-night,
Bangkok,2022-11-26T23:00:00,26.1,26.1,23.1,83.58,0,28.6,,0,0,28.4,13.4,164.1,1009.7,58,21.7,0,,0,30,Partially cloudy,partly-cloudy-night,
Bangkok,2022-11-27T00:00:00,25.9,25.9,23.2,85.08,0,28.6,,0,0,28.1,13.2,167.3,1009.3,79,19.4,0,,0,30,Partially cloudy,partly-cloudy-night,
Bangkok,2022-11-27T01:00:00,25.7,25.7,23.3,86.62,3.6,28.6,rain,0,0,27.7,13,170.6,1009,100,17,0,,0,30,Overcast,cloudy,
Bangkok,2022-11-27T02:00:00,25.5,25.5,23.2,87.47,0,19,,0,0,25.8,11.6,182.5,1008.7,91.7,19.4,0,,0,30,Overcast,cloudy,
Bangkok,2022-11-27T03:00:00,25.3,25.3,23.2,88.34,0,19,,0,0,23.9,10.3,194.5,1008.3,83.4,21.7,0,,0,10,Partially cloudy,partly-cloudy-night,
Bangkok,2022-11-27T04:00:00,25.1,25.1,23.2,89.22,5.3,19,rain,0,0,22,9,206.4,1008,75.1,24.1,0,,0,10,Partially cloudy,partly-cloudy-night,
Bangkok,2022-11-27T05:00:00,25.1,25.1,23.2,89.4,0,19,,0,0,20.2,8.2,204.6,1008.3,55.4,24.1,2,0,0,10,Partially cloudy,partly-cloudy-night,
Bangkok,2022-11-27T06:00:00,25.1,25.1,23.2,89.58,0,19,,0,0,18.4,7.3,202.9,1008.7,35.7,24.1,4,0,0,10,Partially cloudy,partly-cloudy-night,
Bangkok,2022-11-27T07:00:00,25.1,25.1,23.3,89.76,0.3,19,rain,0,0,16.6,6.5,201.1,1009,16,24.1,6,0,0,10,Clear,clear-day,
Bangkok,2022-11-27T08:00:00,26.3,26.3,23.1,82.92,0,23.8,,0,0,15.4,7.7,198.7,1009.7,14.8,24.1,135.7,0.5,1,10,Clear,clear-day,
Bangkok,2022-11-27T09:00:00,27.5,30.4,23,76.65,0,23.8,,0,0,14.2,8.9,196.4,1010.3,13.6,24.1,265.3,0.9,3,30,Clear,clear-day,
Bangkok,2022-11-27T10:00:00,28.7,32.1,22.9,70.9,0,23.8,,0,0,13,10.1,194,1011,12.4,24.1,395,1.4,4,30,Clear,clear-day,
Bangkok,2022-11-27T11:00:00,29.3,32.7,22.4,66.44,0,23.8,,0,0,13.4,11.2,193.1,1010,22.6,24.1,527.7,1.9,5,10,Partially cloudy,partly-cloudy-day,
Bangkok,2022-11-27T12:00:00,29.9,33.1,21.9,62.26,0,23.8,,0,0,13.9,12.2,192.1,1009,32.8,24.1,660.3,2.4,7,10,Partially cloudy,partly-cloudy-day,
Bangkok,2022-11-27T13:00:00,30.6,33.5,21.5,58.35,0,23.8,,0,0,14.4,13.3,191.2,1008,43,24.1,793,2.9,8,10,Partially cloudy,partly-cloudy-day,
Bangkok,2022-11-27T14:00:00,30.3,33.2,21.5,59.36,0,38.1,,0,0,13.7,13.3,187.6,1007.3,49.4,24.1,732.3,2.7,7,10,Partially cloudy,partly-cloudy-day,
Bangkok,2022-11-27T15:00:00,30,32.8,21.5,60.39,0,38.1,,0,0,13,13.3,184.1,1006.7,55.9,24.1,671.7,2.4,7,10,Partially cloudy,partly-cloudy-day,
Bangkok,2022-11-27T16:00:00,29.7,32.4,21.5,61.45,0,38.1,,0,0,12.2,13.3,180.5,1006,62.3,24.1,611,2.2,6,10,Partially cloudy,partly-cloudy-day,
Bangkok,2022-11-27T17:00:00,28.9,31.7,21.7,65.28,0,38.1,,0,0,14.9,12.6,175.7,1006.7,61.7,24.1,436.3,1.6,4,10,Partially cloudy,partly-cloudy-day,
Bangkok,2022-11-27T18:00:00,28.1,30.8,22,69.38,0,38.1,,0,0,17.5,11.9,171,1007.3,61,24.1,261.7,0.9,0,10,Partially cloudy,partly-cloudy-night,
Bangkok,2022-11-27T19:00:00,27.4,29.8,22.3,73.75,0,38.1,,0,0,20.2,11.2,166.2,1008,60.4,24.1,87,0.3,0,10,Partially cloudy,partly-cloudy-night,
Bangkok,2022-11-27T20:00:00,27.1,29.6,22.5,75.98,0,14.3,,0,0,21.5,11.3,168.1,1008.7,43.8,24.1,58,0.2,0,10,Partially cloudy,partly-cloudy-night,
Bangkok,2022-11-27T21:00:00,26.9,29.3,22.8,78.29,0,14.3,,0,0,22.8,11.4,170.1,1009.3,27.1,24.1,29,0.1,0,10,Partially cloudy,partly-cloudy-night,
Bangkok,2022-11-27T22:00:00,26.7,26.7,23.1,80.66,0.2,14.3,rain,0,0,24.1,11.5,172,1010,10.5,24.1,0,,0,30,Clear,clear-night,
Bangkok,2022-11-27T23:00:00,26.5,26.5,23.2,82.28,0,14.3,,0,0,23.9,10.7,168.8,1009.7,8.7,24.1,0,,0,30,Clear,clear-night,
Bangkok,2022-11-28T00:00:00,26.3,26.3,23.3,83.93,0,14.3,,0,0,23.6,9.8,165.6,1009.3,6.8,24.1,0,,0,30,Clear,clear-night,
Bangkok,2022-11-28T01:00:00,26.1,26.1,23.5,85.61,0.3,14.3,rain,0,0,23.4,9,162.4,1009,5,24.1,0,,0,30,Clear,clear-night,
Bangkok,2022-11-28T02:00:00,25.9,25.9,23.5,86.46,0,19,,0,0,21.1,8.4,164.1,1008.7,14.4,24.1,0,,0,30,Clear,clear-night,
Bangkok,2022-11-28T03:00:00,25.7,25.7,23.5,87.32,0,19,,0,0,18.8,7.8,165.9,1008.3,23.9,24.1,0,,0,30,Partially cloudy,partly-cloudy-night,
Bangkok,2022-11-28T04:00:00,25.6,25.6,23.5,88.19,3.7,19,rain,0,0,16.6,7.2,167.6,1008,33.3,24.1,0,,0,30,Partially cloudy,partly-cloudy-night,
Bangkok,2022-11-28T05:00:00,25.5,25.5,23.6,89.08,0,19,,0,0,13.8,6.2,158.8,1008.7,23.9,24.1,1.7,0,0,30,Partially cloudy,partly-cloudy-night,
Bangkok,2022-11-28T06:00:00,25.4,25.4,23.7,89.97,0,19,,0,0,11,5.3,150,1009.3,14.4,24.1,3.3,0,0,30,Clear,clear-night,
Bangkok,2022-11-28T07:00:00,25.4,25.4,23.8,90.87,0.2,19,rain,0,0,8.3,4.3,141.2,1010,5,24.1,5,0,0,30,Clear,clear-day,
Bangkok,2022-11-28T08:00:00,26.5,26.5,23.7,84.97,0,14.3,,0,0,7.4,4.7,151.6,1010.3,13.7,24.1,133.3,0.5,1,30,Clear,clear-day,
Bangkok,2022-11-28T09:00:00,27.6,30.9,23.7,79.49,0,14.3,,0,0,6.6,5,162.1,1010.7,22.4,24.1,261.7,0.9,3,30,Partially cloudy,partly-cloudy-day,
Bangkok,2022-11-28T10:00:00,28.7,32.7,23.7,74.41,0,14.3,,0,0,5.8,5.4,172.5,1011,31.1,24.1,390,1.4,4,30,Partially cloudy,partly-cloudy-day,
Bangkok,2022-11-28T11:00:00,29.5,33.6,23.2,68.81,0,14.3,,0,0,6.2,5.9,184.6,1010.3,41.3,24.1,500.3,1.8,5,30,Partially cloudy,partly-cloudy-day,
Bangkok,2022-11-28T12:00:00,30.4,34.4,22.7,63.64,0,14.3,,0,0,6.7,6.4,196.8,1009.7,51.4,24.1,610.7,2.2,6,30,Partially cloudy,partly-cloudy-day,
Bangkok,2022-11-28T13:00:00,31.3,35.1,22.3,58.87,0.1,14.3,rain,0,0,7.2,6.8,208.9,1009,61.6,24.1,721,2.6,7,30,Partially cloudy,partly-cloudy-day,
Bangkok,2022-11-28T14:00:00,30.6,34.6,22.6,62.41,0,23.8,,0,0,7.8,7,212.6,1008.3,73.3,20.9,592.3,2.1,6,30,Partially cloudy,partly-cloudy-day,
Bangkok,2022-11-28T15:00:00,30,34.1,23,66.18,0,23.8,,0,0,8.4,7.1,216.3,1007.7,85.1,17.6,463.7,1.7,5,30,Partially cloudy,partly-cloudy-day,
Bangkok,2022-11-28T16:00:00,29.4,33.5,23.4,70.17,0.9,23.8,rain,0,0,9,7.2,220,1007,96.8,14.4,335,1.2,3,30,Overcast,cloudy,
Bangkok,2022-11-28T17:00:00,28.8,32.7,23.4,72.8,0,23.8,,0,0,10.2,7.6,200.5,1007.7,76.9,17.6,233.3,0.8,2,30,Partially cloudy,partly-cloudy-day,
Bangkok,2022-11-28T18:00:00,28.2,31.8,23.4,75.53,0,23.8,,0,0,11.4,7.9,181.1,1008.3,57.1,20.9,131.7,0.5,0,30,Partially cloudy,partly-cloudy-night,
Bangkok,2022-11-28T19:00:00,27.6,30.8,23.5,78.38,0,23.8,,0,0,12.6,8.3,161.6,1009,37.2,24.1,30,0.1,0,30,Partially cloudy,partly-cloudy-night,
Bangkok,2022-11-28T20:00:00,27.3,30.2,23.4,79.29,0,19,,0,0,13.2,8,169.4,1009.3,25.2,24.1,20,0.1,0,30,Partially cloudy,partly-cloudy-night,
Bangkok,2022-11-28T21:00:00,27,29.6,23.3,80.22,0,19,,0,0,13.8,7.8,177.1,1009.7,13.1,24.1,10,0,0,30,Clear,clear-night,
Bangkok,2022-11-28T22:00:00,26.7,26.7,23.2,81.15,0,19,,0,0,14.4,7.6,184.9,1010,1.1,24.1,0,,0,30,Clear,clear-night,
Bangkok,2022-11-28T23:00:00,26.5,26.5,23.1,81.79,0,19,,0,0,12.5,6.8,187.3,1010,2.4,24.1,0,,0,30,Clear,clear-night,
Bangkok,2022-11-29T00:00:00,26.3,26.3,23.1,82.43,0,19,,0,0,10.6,6.1,189.6,1010,3.7,24.1,0,,0,30,Clear,clear-night,
Bangkok,2022-11-29T01:00:00,26.2,26.2,23.1,83.08,0,19,,0,0,8.6,5.4,192,1010,5,24.1,0,,0,30,Clear,clear-night,
Bangkok,2022-11-29T02:00:00,26,26,23,83.4,0,19,,0,0,7.1,4.9,185.8,1009.7,31.2,24.1,0,,0,30,Partially cloudy,partly-cloudy-night,
Bangkok,2022-11-29T03:00:00,25.9,25.9,22.9,83.72,0,19,,0,0,5.5,4.4,179.7,1009.3,57.5,24.1,0,,0,10,Partially cloudy,partly-cloudy-night,
Bangkok,2022-11-29T04:00:00,25.8,25.8,22.9,84.05,0,19,,0,0,4,4,173.5,1009,83.7,24.1,0,,0,10,Partially cloudy,partly-cloudy-night,
Bangkok,2022-11-29T05:00:00,25.8,25.8,22.9,84.22,0,19,,0,0,3.6,3.5,154.6,1009.7,75.7,24.1,1.7,0,0,10,Partially cloudy,partly-cloudy-night,
Bangkok,2022-11-29T06:00:00,25.8,25.8,22.9,84.39,0,19,,0,0,3.2,3,135.6,1010.3,67.7,24.1,3.3,0,0,10,Partially cloudy,partly-cloudy-night,
Bangkok,2022-11-29T07:00:00,25.8,25.8,23,84.56,0.1,19,rain,0,0,2.9,2.5,116.7,1011,59.7,24.1,5,0,0,10,Partially cloudy,partly-cloudy-day,
Bangkok,2022-11-29T08:00:00,26.8,29.3,22.9,79.23,0,38.1,,0,0,2.9,2.5,123.2,1011.3,66.9,24.1,117.7,0.5,1,30,Partially cloudy,partly-cloudy-day,
Bangkok,2022-11-29T09:00:00,27.9,31,22.9,74.28,0,38.1,,0,0,2.9,2.5,129.8,1011.7,74,24.1,230.3,0.9,2,30,Partially cloudy,partly-cloudy-day,
Bangkok,2022-11-29T10:00:00,29,32.6,22.9,69.68,0,38.1,,0,0,2.9,2.5,136.3,1012,81.2,24.1,343,1.2,3,30,Partially cloudy,partly-cloudy-day,
Bangkok,2022-11-29T11:00:00,30,33.7,22.5,64.33,0,38.1,,0,0,3.2,2.8,141.3,1011,87.5,24.1,487.3,1.7,5,30,Partially cloudy,partly-cloudy-day,
Bangkok,2022-11-29T12:00:00,31,34.7,22.2,59.42,0,38.1,,0,0,3.6,3,146.2,1010,93.7,24.1,631.7,2.3,6,30,Overcast,cloudy,
Bangkok,2022-11-29T13:00:00,32.1,35.7,21.9,54.9,0,38.1,,0,0,4,3.2,151.2,1009,100,24.1,776,2.8,8,30,Overcast,cloudy,
Bangkok,2022-11-29T14:00:00,32.1,35.6,21.7,54.35,0,47.6,rain,0,0,3.5,3.4,170.5,1008.3,84.3,24.1,706.3,2.5,7,30,"Rain, Partially cloudy",rain,
Bangkok,2022-11-29T15:00:00,32.1,35.6,21.6,53.81,0,47.6,rain,0,0,3,3.5,189.8,1007.7,68.7,24.1,636.7,2.3,6,30,"Rain, Partially cloudy",rain,
Bangkok,2022-11-29T16:00:00,32.2,35.5,21.5,53.27,0,47.6,rain,0,0,2.5,3.6,209.1,1007,53,24.1,567,2,6,30,"Rain, Partially cloudy",rain,
Bangkok,2022-11-29T17:00:00,31.1,34.4,21.7,57.19,0,47.6,rain,0,0,5.4,5.6,202.4,1007.7,67.6,24.1,406,1.4,4,30,"Rain, Partially cloudy",rain,
Bangkok,2022-11-29T18:00:00,30.1,33.3,21.9,61.42,0,47.6,rain,0,0,8.3,7.7,195.6,1008.3,82.3,24.1,245,0.9,0,30,"Rain, Partially cloudy",rain,
Bangkok,2022-11-29T19:00:00,29.1,32.1,22.1,65.99,0.1,47.6,rain,0,0,11.2,9.7,188.9,1009,96.9,24.1,84,0.3,0,30,"Rain, Overcast",rain,
Bangkok,2022-11-29T20:00:00,28.8,31.8,22.1,66.88,0,47.6,rain,0,0,10.1,8.3,187.2,1009.7,73.1,24.1,56,0.2,0,30,"Rain, Partially cloudy",rain,
Bangkok,2022-11-29T21:00:00,28.6,31.5,22.1,67.8,0,47.6,rain,0,0,9,6.8,185.6,1010.3,49.2,24.1,28,0.1,0,30,"Rain, Partially cloudy",rain,
Bangkok,2022-11-29T22:00:00,28.4,31.2,22.1,68.72,0.1,47.6,rain,0,0,7.9,5.4,183.9,1011,25.4,24.1,0,,0,10,"Rain, Partially cloudy",rain,
Bangkok,2022-11-29T23:00:00,28,30.8,22.4,71.5,0,47.6,rain,0,0,9.6,5.9,182.9,1010.7,18.6,24.1,0,,0,30,Rain,rain,
Bangkok,2022-11-30T00:00:00,27.6,30.5,22.7,74.39,0,47.6,rain,0,0,11.3,6.4,181.9,1010.3,11.8,24.1,0,,0,30,Rain,rain,
Bangkok,2022-11-30T01:00:00,27.3,30,23,77.4,0,47.6,rain,0,0,13,6.8,180.9,1010,5,24.1,0,,0,30,Rain,rain,
Bangkok,2022-11-30T02:00:00,27.1,29.7,23,78.63,0,47.6,rain,0,0,11.2,6.1,176.8,1009.7,30.1,24.1,0,,0,30,"Rain, Partially cloudy",rain,
Bangkok,2022-11-30T03:00:00,26.9,29.4,23.1,79.88,0,47.6,rain,0,0,9.4,5.4,172.8,1009.3,55.1,24.1,0,,0,30,"Rain, Partially cloudy",rain,
Bangkok,2022-11-30T04:00:00,26.7,26.7,23.2,81.15,0,47.6,rain,0,0,7.6,4.7,168.7,1009,80.2,24.1,0,,0,30,"Rain, Partially cloudy",rain,
Bangkok,2022-11-30T05:00:00,26.6,26.6,23.2,81.48,0,47.6,rain,0,0,6.8,4.3,168,1009.7,82,24.1,1.7,0,0,30,"Rain, Partially cloudy",rain,
Bangkok,2022-11-30T06:00:00,26.6,26.6,23.2,81.8,0,47.6,rain,0,0,6.1,4,167.2,1010.3,83.8,24.1,3.3,0,0,30,"Rain, Partially cloudy",rain,
Bangkok,2022-11-30T07:00:00,26.6,26.6,23.3,82.13,0.5,47.6,rain,0,0,5.4,3.6,166.5,1011,85.6,24.1,5,0,0,30,"Rain, Partially cloudy",rain,
Bangkok,2022-11-30T08:00:00,27.6,30.7,23.2,77.29,0,61.9,rain,0,0,4.8,3.6,164,1011.3,80,24.1,119.7,0.4,1,30,"Rain, Partially cloudy",rain,
Bangkok,2022-11-30T09:00:00,28.6,32.2,23.2,72.76,0,61.9,rain,0,0,4.2,3.6,161.6,1011.7,74.4,24.1,234.3,0.9,2,30,"Rain, Partially cloudy",rain,
Bangkok,2022-11-30T10:00:00,29.6,33.7,23.2,68.54,1.2,61.9,rain,0,0,3.6,3.6,159.1,1012,68.8,24.1,349,1.3,3,30,"Rain, Partially cloudy",rain,
Bangkok,2022-11-30T11:00:00,30.4,34.7,23,64.3,0,61.9,rain,0,0,3.5,3.5,175,1011,62.1,24.1,487.7,1.8,5,30,"Rain, Partially cloudy",rain,
Bangkok,2022-11-30T12:00:00,31.4,35.7,22.8,60.34,0,61.9,rain,0,0,3.4,3.4,191,1010,55.4,24.1,626.3,2.3,6,30,"Rain, Partially cloudy",rain,
Bangkok,2022-11-30T13:00:00,32.3,36.6,22.6,56.65,0.5,61.9,rain,0,0,3.2,3.2,206.9,1009,48.7,24.1,765,2.8,8,60,"Rain, Partially cloudy",rain,
Bangkok,2022-11-30T14:00:00,31.4,36,22.9,60.49,0,61.9,rain,0,0,4.8,4.7,183.3,1008.7,65.8,19.4,669,2.4,7,60,"Rain, Partially cloudy",rain,
Bangkok,2022-11-30T15:00:00,30.7,35.2,23.2,64.6,0,61.9,rain,0,0,6.4,6.1,159.6,1008.3,82.9,14.8,573,2.1,6,60,"Rain, Partially cloudy",rain,
Bangkok,2022-11-30T16:00:00,29.9,34.4,23.6,69.01,5.8,61.9,rain,0,0,7.9,7.6,136,1008,100,10.1,477,1.7,5,60,"Rain, Overcast",rain,
Bangkok,2022-11-30T17:00:00,29,33.3,23.8,73.57,0,61.9,rain,0,0,7.8,7,147.2,1008.7,100,14.8,320,1.1,3,60,"Rain, Overcast",rain,
Bangkok,2022-11-30T18:00:00,28.1,32,24,78.45,0,61.9,rain,0,0,7.7,6.4,158.5,1009.3,100,19.4,163,0.6,0,60,"Rain, Overcast",rain,
Bangkok,2022-11-30T19:00:00,27.2,30.5,24.2,83.69,3.5,61.9,rain,0,0,7.6,5.8,169.7,1010,100,24.1,6,0,0,60,"Rain, Overcast",rain,
Bangkok,2022-11-30T20:00:00,27.1,30.3,24.2,84.35,0,47.6,rain,0,0,6.6,5.2,169.8,1010.3,100,24.1,4,0,0,60,"Rain, Overcast",rain,
Bangkok,2022-11-30T21:00:00,27,30.1,24.2,85.02,0,47.6,rain,0,0,5.6,4.6,169.8,1010.7,100,24.1,2,0,0,60,"Rain, Overcast",rain,
Bangkok,2022-11-30T22:00:00,26.9,29.9,24.3,85.69,0.3,47.6,rain,0,0,4.7,4,169.9,1011,100,24.1,0,,0,60,"Rain, Overcast",rain,
Bangkok,2022-11-30T23:00:00,26.7,29.5,24.1,85.34,0,47.6,rain,0,0,4.6,4.1,175.4,1010.7,68.7,24.1,0,,0,60,"Rain, Partially cloudy",rain,
Bangkok,2022-12-01T00:00:00,26.6,26.6,23.9,84.98,0,47.6,rain,0,0,4.4,4.2,180.8,1010.3,37.3,24.1,0,,0,30,"Rain, Partially cloudy",rain,
Bangkok,2022-12-01T01:00:00,26.5,26.5,23.7,84.63,0,47.6,rain,0,0,4.3,4.3,186.3,1010,6,24.1,0,,0,30,Rain,rain,
Bangkok,2022-12-01T02:00:00,26.3,26.3,23.6,84.95,0,57.1,rain,0,0,3.2,3.1,188.9,1010,6.1,24.1,0,,0,30,Rain,rain,
Bangkok,2022-12-01T03:00:00,26.1,26.1,23.5,85.28,0,57.1,rain,0,0,2.2,1.9,191.6,1010,6.2,24.1,0,,0,30,Rain,rain,
Bangkok,2022-12-01T04:00:00,26,26,23.4,85.6,0.6,57.1,rain,0,0,1.1,0.7,194.2,1010,6.3,24.1,0,,0,30,Rain,rain,
Bangkok,2022-12-01T05:00:00,26,26,23.4,85.78,0,57.1,rain,0,0,1.2,0.8,148.8,1010.3,5.9,24.1,1.7,0,0,30,Rain,rain,
Bangkok,2022-12-01T06:00:00,26,26,23.5,85.96,0,57.1,rain,0,0,1.3,1,103.4,1010.7,5.4,24.1,3.3,0,0,30,Rain,rain,
Bangkok,2022-12-01T07:00:00,26.1,26.1,23.6,86.13,0,57.1,rain,0,0,1.4,1.1,58,1011,5,24.1,5,0,0,30,Rain,rain,
Bangkok,2022-12-01T08:00:00,27.1,30,23.6,81.2,0,81,rain,0,0,3.5,2.9,53.1,1011.3,11.2,19.9,132.3,0.5,1,30,Rain,rain,
Bangkok,2022-12-01T09:00:00,28.1,31.7,23.6,76.59,0,81,rain,0,0,5.5,4.7,48.2,1011.7,17.4,15.7,259.7,0.9,3,30,Rain,rain,
Bangkok,2022-12-01T10:00:00,29.1,33.3,23.6,72.27,4.1,81,rain,0,0,7.6,6.5,43.3,1012,23.6,11.5,387,1.4,4,30,"Rain, Partially cloudy",rain,
Bangkok,2022-12-01T11:00:00,29.8,34,23.2,68.02,0,81,rain,0,0,10,8.2,51.4,1011.3,40.9,15.7,519.3,1.9,5,30,"Rain, Partially cloudy",rain,
Bangkok,2022-12-01T12:00:00,30.5,34.6,22.9,64.04,0,81,rain,0,0,12.4,9.8,59.6,1010.7,58.2,19.9,651.7,2.3,7,30,"Rain, Partially cloudy",rain,
Bangkok,2022-12-01T13:00:00,31.2,35.2,22.6,60.3,2.8,81,rain,0,0,14.8,11.5,67.7,1010,75.5,24.1,784,2.8,8,30,"Rain, Partially cloudy",rain,
Bangkok,2022-12-01T14:00:00,30.9,34.9,22.6,61.35,0,57.1,rain,0,0,14,11.5,67.6,1009.3,83.7,20.6,690,2.5,7,30,"Rain, Partially cloudy",rain,
Bangkok,2022-12-01T15:00:00,30.6,34.6,22.6,62.41,0,57.1,rain,0,0,13.3,11.5,67.6,1008.7,91.8,17,596,2.1,6,30,"Rain, Overcast",rain,
Bangkok,2022-12-01T16:00:00,30.4,34.3,22.7,63.5,0.7,57.1,rain,0,0,12.6,11.5,67.5,1008,100,13.5,502,1.8,5,30,"Rain, Overcast",rain,
Bangkok,2022-12-01T17:00:00,29.5,33.4,23,68.25,0,57.1,rain,0,0,14.3,10.3,66,1008.7,96.9,17,348.3,1.2,3,30,"Rain, Overcast",rain,
Bangkok,2022-12-01T18:00:00,28.6,32.5,23.4,73.36,0,57.1,rain,0,0,16,9.1,64.6,1009.3,93.8,20.6,194.7,0.7,0,60,"Rain, Overcast",rain,
Bangkok,2022-12-01T19:00:00,27.8,31.3,23.8,78.89,2.6,57.1,rain,0,0,17.6,7.9,63.1,1010,90.7,24.1,41,0.1,0,60,"Rain, Overcast",rain,
Bangkok,2022-12-01T20:00:00,27.2,30.1,23.4,79.92,0,47.6,rain,0,0,23,10.1,65.7,1010.7,91.3,24.1,27.3,0.1,0,30,"Rain, Overcast",rain,
Bangkok,2022-12-01T21:00:00,26.6,26.6,23.1,80.98,0,47.6,rain,0,0,28.4,12.2,68.4,1011.3,91.8,24.1,13.7,0,0,30,"Rain, Overcast",rain,
Bangkok,2022-12-01T22:00:00,26.1,26.1,22.8,82.07,0.5,47.6,rain,0,0,33.8,14.4,71,1012,92.4,24.1,0,,0,10,"Rain, Overcast",rain,
Bangkok,2022-12-01T23:00:00,25.6,25.6,22.4,82.68,0,47.6,rain,0,0,29.2,12.2,58.1,1011.7,94.9,24.1,0,,0,10,"Rain, Overcast",rain,
Bangkok,2022-12-02T00:00:00,25.2,25.2,22.2,83.3,0,47.6,rain,0,0,24.5,10.1,45.3,1011.3,97.5,24.1,0,,0,10,"Rain, Overcast",rain,
Bangkok,2022-12-02T01:00:00,24.8,24.8,21.9,83.94,0.5,47.6,rain,0,0,19.8,7.9,32.4,1011,100,24.1,0,,0,10,"Rain, Overcast",rain,
Bangkok,2022-12-02T02:00:00,24.2,24.2,21.7,86.3,0,52.4,rain,0,0,18,9.4,131.1,1011,100,24.1,0,,0,3,"Rain, Overcast",rain,
Bangkok,2022-12-02T03:00:00,23.6,23.6,21.6,88.74,0,52.4,rain,0,0,16.2,10.8,229.7,1011,100,24.1,0,,0,3,"Rain, Overcast",rain,
Bangkok,2022-12-02T04:00:00,23,23,21.5,91.27,2.6,52.4,rain,0,0,14.4,12.2,328.4,1011,100,24.1,0,,0,3,"Rain, Overcast",rain,
Bangkok,2022-12-02T05:00:00,22.6,22.6,21,91.06,0,52.4,rain,0,0,14.6,12.1,328.8,1012,97.3,21.3,0.7,0,0,10,"Rain, Overcast",rain,
Bangkok,2022-12-02T06:00:00,22.2,22.2,20.6,90.85,0,52.4,rain,0,0,14.9,12,329.1,1013,94.6,18.4,1.3,0,0,10,"Rain, Overcast",rain,
Bangkok,2022-12-02T07:00:00,21.8,21.8,20.2,90.63,0.8,52.4,rain,0,0,15.1,11.9,329.5,1014,91.9,15.6,2,0,0,10,"Rain, Overcast",rain,
Bangkok,2022-12-02T08:00:00,22.5,22.5,20.4,88.11,0,42.9,,0,0,12.6,10.4,337.8,1014.3,88.7,17.9,99.3,0.4,1,10,Partially cloudy,partly-cloudy-day,
Bangkok,2022-12-02T09:00:00,23.2,23.2,20.7,85.68,0,42.9,,0,0,10.1,9,346.2,1014.7,85.5,20.1,196.7,0.7,2,10,Partially cloudy,partly-cloudy-day,
Bangkok,2022-12-02T10:00:00,24,24,21,83.33,2,42.9,rain,0,0,7.6,7.6,354.5,1015,82.3,22.4,294,1.1,3,10,Partially cloudy,partly-cloudy-day,
Bangkok,2022-12-02T11:00:00,24.7,24.7,21,79.91,0,42.9,,0,0,7.9,7.6,353.2,1014,88.1,23,361.7,1.3,4,10,Partially cloudy,partly-cloudy-day,
Bangkok,2022-12-02T12:00:00,25.4,25.4,21,76.65,0,42.9,,0,0,8.3,7.6,352,1013,93.9,23.5,429.3,1.6,4,10,Overcast,cloudy,
Bangkok,2022-12-02T13:00:00,26.2,26.2,21.1,73.54,0.3,42.9,rain,0,0,8.6,7.6,350.7,1012,99.7,24.1,497,1.8,5,10,Overcast,cloudy,
Bangkok,2022-12-02T14:00:00,26.3,26.3,21.1,73.27,0,61.9,rain,0,0,9.4,8.4,345.3,1011.3,95.1,24.1,413,1.5,4,10,"Rain, Overcast",rain,
Bangkok,2022-12-02T15:00:00,26.4,26.4,21.2,72.99,0,61.9,rain,0,0,10.1,9.2,339.9,1010.7,90.5,24.1,329,1.2,3,10,"Rain, Overcast",rain,
Bangkok,2022-12-02T16:00:00,26.6,26.6,21.3,72.71,0.2,61.9,rain,0,0,10.8,10.1,334.5,1010,85.9,24.1,245,0.9,2,10,"Rain, Partially cloudy",rain,
Bangkok,2022-12-02T17:00:00,26.3,26.3,21.4,74.32,0,61.9,rain,0,0,10.4,8.4,330.9,1010.7,88.5,24.1,179.7,0.7,2,10,"Rain, Partially cloudy",rain,
Bangkok,2022-12-02T18:00:00,26,26,21.4,75.97,0,61.9,rain,0,0,10.1,6.7,327.3,1011.3,91,24.1,114.3,0.4,0,10,"Rain, Overcast",rain,
Bangkok,2022-12-02T19:00:00,25.8,25.8,21.6,77.65,0,61.9,rain,0,0,9.7,5,323.7,1012,93.6,24.1,49,0.2,0,10,"Rain, Overcast",rain,
Bangkok,2022-12-02T20:00:00,25.7,25.7,21.6,78.28,0,38.1,,0,0,9.4,4.9,223.9,1012.3,92.4,24.1,32.7,0.1,0,10,Overcast,cloudy,
Bangkok,2022-12-02T21:00:00,25.6,25.6,21.7,78.91,0,38.1,,0,0,9,4.8,124.2,1012.7,91.2,24.1,16.3,0.1,0,10,Overcast,cloudy,
Bangkok,2022-12-02T22:00:00,25.6,25.6,21.8,79.54,0.1,38.1,rain,0,0,8.6,4.7,24.4,1013,90,24.1,0,,0,10,Partially cloudy,partly-cloudy-night,
Bangkok,2022-12-02T23:00:00,25.1,25.1,21.5,80.62,0,38.1,,0,0,9.6,5.9,125.8,1012.7,78.8,24.1,0,,0,10,Partially cloudy,partly-cloudy-night,
Bangkok,2022-12-03T00:00:00,24.6,24.6,21.3,81.72,0,38.1,,0,0,10.6,7.1,227.1,1012.3,67.5,24.1,0,,0,10,Partially cloudy,partly-cloudy-night,
Bangkok,2022-12-03T01:00:00,24.2,24.2,21.1,82.85,0.1,38.1,rain,0,0,11.5,8.3,328.5,1012,56.3,24.1,0,,0,10,Partially cloudy,partly-cloudy-night,
Bangkok,2022-12-03T02:00:00,23.9,23.9,20.8,83.15,0,38.1,,0,0,13.3,8.4,330.3,1011.3,66.8,24.1,0,,0,10,Partially cloudy,partly-cloudy-night,
Bangkok,2022-12-03T03:00:00,23.6,23.6,20.6,83.46,0,38.1,,0,0,15.1,8.5,332.1,1010.7,77.3,24.1,0,,0,10,Partially cloudy,partly-cloudy-night,
Bangkok,2022-12-03T04:00:00,23.3,23.3,20.4,83.77,0,38.1,,0,0,16.9,8.6,333.9,1010,87.8,24.1,0,,0,10,Partially cloudy,partly-cloudy-night,
Bangkok,2022-12-03T05:00:00,23.1,23.1,20,83.06,0,38.1,,0,0,18,9.4,223.4,1010.7,66.2,24.1,1.7,0,0,10,Partially cloudy,partly-cloudy-night,
Bangkok,2022-12-03T06:00:00,22.9,22.9,19.7,82.35,0,38.1,,0,0,19.1,10.1,112.8,1011.3,44.7,24.1,3.3,0,0,10,Partially cloudy,partly-cloudy-night,
Bangkok,2022-12-03T07:00:00,22.7,22.7,19.4,81.65,0,38.1,,0,0,20.2,10.8,2.3,1012,23.1,24.1,5,0,0,10,Partially cloudy,partly-cloudy-day,
Bangkok,2022-12-03T08:00:00,23.9,23.9,19.3,75.32,0,23.8,,0,0,17.4,9.6,13.3,1012.3,48.4,24.1,131,0.5,1,10,Partially cloudy,partly-cloudy-day,
Bangkok,2022-12-03T09:00:00,25.1,25.1,19.2,69.52,0,23.8,,0,0,14.6,8.4,24.2,1012.7,73.6,24.1,257,0.9,3,10,Partially cloudy,partly-cloudy-day,
Bangkok,2022-12-03T10:00:00,26.4,26.4,19.1,64.22,0,23.8,,0,0,11.9,7.2,35.2,1013,98.9,24.1,383,1.4,4,10,Overcast,cloudy,
Bangkok,2022-12-03T11:00:00,27.2,28.5,19.2,61.41,0,23.8,,0,0,11.2,7.3,36.6,1012,99.3,24.1,515.3,1.9,5,10,Overcast,cloudy,
Bangkok,2022-12-03T12:00:00,28.1,29.4,19.3,58.74,0,23.8,,0,0,10.4,7.4,37.9,1011,99.6,24.1,647.7,2.3,6,10,Overcast,cloudy,
Bangkok,2022-12-03T13:00:00,29,30.4,19.4,56.2,0,23.8,,0,0,9.7,7.6,39.3,1010,100,24.1,780,2.8,8,10,Overcast,cloudy,
Bangkok,2022-12-03T14:00:00,28.7,30.2,19.4,57.09,0,47.6,rain,0,0,8.5,7.2,137.6,1009.3,99.5,24.1,632,2.3,6,10,"Rain, Overcast",rain,
Bangkok,2022-12-03T15:00:00,28.5,29.9,19.4,57.98,0,47.6,rain,0,0,7.3,6.8,235.9,1008.7,98.9,24.1,484,1.7,5,10,"Rain, Overcast",rain,
Bangkok,2022-12-03T16:00:00,28.3,29.7,19.5,58.9,0,47.6,rain,0,0,6.1,6.5,334.2,1008,98.4,24.1,336,1.2,3,10,"Rain, Overcast",rain,
Bangkok,2022-12-03T17:00:00,27.9,29.4,19.7,60.8,0,47.6,rain,0,0,7.9,5.9,257.9,1008.7,98.9,24.1,231,0.8,2,10,"Rain, Overcast",rain,
Bangkok,2022-12-03T18:00:00,27.6,29.1,19.9,62.77,0,47.6,rain,0,0,9.7,5.3,181.6,1009.3,99.5,24.1,126,0.5,0,10,"Rain, Overcast",rain,
Bangkok,2022-12-03T19:00:00,27.3,28.8,20.1,64.81,0,47.6,rain,0,0,11.5,4.7,105.3,1010,100,24.1,21,0.1,0,10,"Rain, Overcast",rain,
Bangkok,2022-12-03T20:00:00,26.6,26.6,19.6,65.48,0,19,,0,0,14.6,5.4,102.6,1010.3,100,24.1,14,0.1,0,10,Overcast,cloudy,
Bangkok,2022-12-03T21:00:00,25.9,25.9,19.1,66.16,0,19,,0,0,17.8,6.1,99.9,1010.7,100,24.1,7,0,0,10,Overcast,cloudy,
Bangkok,2022-12-03T22:00:00,25.3,25.3,18.7,66.85,0,19,,0,0,20.9,6.8,97.2,1011,100,24.1,0,,0,10,Overcast,cloudy,
Bangkok,2022-12-03T23:00:00,24.9,24.9,18.9,68.91,0,19,,0,0,16.7,5.9,176.9,1010.7,100,24.1,0,,0,10,Overcast,cloudy,
Bangkok,2022-12-04T00:00:00,24.7,24.7,19.1,71.04,0,19,,0,0,12.5,4.9,256.6,1010.3,100,24.1,0,,0,10,Overcast,cloudy,
Bangkok,2022-12-04T01:00:00,24.4,24.4,19.3,73.24,0,19,,0,0,8.3,4,336.3,1010,100,24.1,0,,0,10,Overcast,cloudy,
Bangkok,2022-12-04T02:00:00,24.1,24.1,19.2,74.41,0,33.3,,0,0,8.5,4.2,334.9,1010,100,24.1,0,,0,10,Overcast,cloudy,
Bangkok,2022-12-04T03:00:00,23.8,23.8,19.2,75.61,0,33.3,,0,0,8.8,4.4,333.6,1010,100,24.1,0,,0,10,Overcast,cloudy,
Bangkok,2022-12-04T04:00:00,23.5,23.5,19.2,76.83,0,33.3,,0,0,9,4.7,332.2,1010,100,24.1,0,,0,10,Overcast,cloudy,
Bangkok,2022-12-04T05:00:00,23.3,23.3,19,76.64,0,33.3,,0,0,7.7,4.6,328,1010.3,99.8,24.1,1.3,0,0,10,Overcast,cloudy,
Bangkok,2022-12-04T06:00:00,23.1,23.1,18.8,76.46,0,33.3,,0,0,6.4,4.4,323.9,1010.7,99.7,24.1,2.7,0,0,10,Overcast,cloudy,
Bangkok,2022-12-04T07:00:00,23,23,18.6,76.27,0,33.3,,0,0,5,4.3,319.7,1011,99.5,24.1,4,0,0,10,Overcast,cloudy,
Bangkok,2022-12-04T08:00:00,24.1,24.1,18.5,71.23,0,28.6,,0,0,6.2,4.9,218.7,1011.3,69.1,24.1,126.3,0.4,1,10,Partially cloudy,partly-cloudy-day,
Bangkok,2022-12-04T09:00:00,25.2,25.2,18.5,66.55,0,28.6,,0,0,7.4,5.5,117.6,1011.7,38.6,24.1,248.7,0.9,2,10,Partially cloudy,partly-cloudy-day,
Bangkok,2022-12-04T10:00:00,26.3,26.3,18.5,62.22,0,28.6,,0,0,8.6,6.1,16.6,1012,8.2,24.1,371,1.3,4,10,Clear,clear-day,
Bangkok,2022-12-04T11:00:00,27.1,28,18.3,58.62,0,28.6,,0,0,10.1,7.4,13.7,1011.3,38.8,24.1,492.3,1.7,5,10,Partially cloudy,partly-cloudy-day,
Bangkok,2022-12-04T12:00:00,27.9,28.8,18.1,55.24,0,28.6,,0,0,11.5,8.8,10.7,1010.7,69.4,24.1,613.7,2.2,6,10,Partially cloudy,partly-cloudy-day,
Bangkok,2022-12-04T13:00:00,28.7,29.4,17.9,52.06,0,28.6,,0,0,13,10.1,7.8,1010,100,24.1,735,2.6,7,10,Overcast,cloudy,
Bangkok,2022-12-04T14:00:00,28,28.8,17.8,53.91,0,38.1,,0,0,16.2,13.1,8.1,1009.3,100,24.1,623.7,2.2,6,10,Overcast,cloudy,
Bangkok,2022-12-04T15:00:00,27.4,28.2,17.8,55.82,0,38.1,,0,0,19.4,16.1,8.4,1008.7,100,24.1,512.3,1.8,5,10,Overcast,cloudy,
Bangkok,2022-12-04T16:00:00,26.8,27.6,17.8,57.81,0,38.1,,0,0,22.7,19.1,8.7,1008,100,24.1,401,1.4,4,10,Overcast,cloudy,
Bangkok,2022-12-04T17:00:00,26.3,26.3,18.1,60.69,0,38.1,,0,0,25,17,7.7,1008.7,100,24.1,285.3,1,3,10,Overcast,cloudy,
Bangkok,2022-12-04T18:00:00,25.8,25.8,18.4,63.7,0,38.1,,0,0,27.2,15,6.7,1009.3,100,24.1,169.7,0.6,0,10,Overcast,cloudy,
Bangkok,2022-12-04T19:00:00,25.4,25.4,18.8,66.87,0,38.1,,0,0,29.5,13,5.7,1010,100,24.1,54,0.2,0,10,Overcast,cloudy,
Bangkok,2022-12-04T20:00:00,25,25,18.9,69.07,0,38.1,,0,0,25.7,11,118.6,1010.3,98.1,24.1,36,0.1,0,10,Overcast,cloudy,
Bangkok,2022-12-04T21:00:00,24.7,24.7,19.2,71.34,0,38.1,,0,0,21.8,9.1,231.4,1010.7,96.1,24.1,18,0.1,0,10,Overcast,cloudy,
Bangkok,2022-12-04T22:00:00,24.4,24.4,19.4,73.69,0,38.1,,0,0,18,7.2,344.3,1011,94.2,24.1,0,,0,10,Overcast,cloudy,
Bangkok,2022-12-04T23:00:00,24,24,19.4,75.33,0,38.1,,0,0,20.3,8,337.3,1010.7,89.4,24.1,0,,0,10,Partially cloudy,partly-cloudy-night,
Bangkok,2022-12-05T00:00:00,23.6,23.6,19.4,77.01,0,38.1,,0,0,22.6,8.9,330.3,1010.3,84.5,24.1,0,,0,10,Partially cloudy,partly-cloudy-night,
Bangkok,2022-12-05T01:00:00,23.3,23.3,19.4,78.73,0,38.1,,0,0,24.8,9.7,323.3,1010,79.7,24.1,0,,0,10,Partially cloudy,partly-cloudy-night,
Bangkok,2022-12-05T02:00:00,23.1,23.1,19.2,78.71,0,23.8,,0,0,26.2,9.5,335.2,1009.7,55.1,24.1,0,,0,10,Partially cloudy,partly-cloudy-night,
Bangkok,2022-12-05T03:00:00,22.9,22.9,19,78.69,0,23.8,,0,0,27.5,9.2,347,1009.3,30.4,24.1,0,,0,10,Partially cloudy,partly-cloudy-night,
Bangkok,2022-12-05T04:00:00,22.8,22.8,18.9,78.66,0,23.8,,0,0,28.8,9,358.9,1009,5.8,24.1,0,,0,10,Clear,clear-night,
Bangkok,2022-12-05T05:00:00,22.6,22.6,18.4,77.34,0,23.8,,0,0,25,8.3,240.9,1009.7,5.5,24.1,1.3,0,0,10,Clear,clear-night,
Bangkok,2022-12-05T06:00:00,22.4,22.4,18,76.03,0,23.8,,0,0,21.1,7.6,123,1010.3,5.3,24.1,2.7,0,0,10,Clear,clear-night,
Bangkok,2022-12-05T07:00:00,22.3,22.3,17.6,74.73,0,23.8,,0,0,17.3,6.8,5,1011,5,24.1,4,0,0,10,Clear,clear-day,
Bangkok,2022-12-05T08:00:00,23.7,23.7,18.1,70.86,0,23.8,,0,0,18,8.4,4.4,1011.3,36.7,24.1,129.7,0.5,1,10,Partially cloudy,partly-cloudy-day,
Bangkok,2022-12-05T09:00:00,25.1,25.1,18.6,67.23,0,23.8,,0,0,18.7,10,3.9,1011.7,68.3,24.1,255.3,0.9,3,10,Partially cloudy,partly-cloudy-day,
Bangkok,2022-12-05T10:00:00,26.5,26.5,19.1,63.84,0,23.8,,0,0,19.4,11.5,3.3,1012,100,24.1,381,1.4,4,10,Overcast,cloudy,
Bangkok,2022-12-05T11:00:00,27.5,28.5,18.6,58.59,0,23.8,,0,0,19.9,13.2,14.8,1011.3,74.9,24.1,512,1.9,5,10,Partially cloudy,partly-cloudy-day,
Bangkok,2022-12-05T12:00:00,28.5,29.4,18.2,53.79,0,23.8,,0,0,20.4,14.9,26.3,1010.7,49.9,24.1,643,2.3,6,10,Partially cloudy,partly-cloudy-day,
Bangkok,2022-12-05T13:00:00,29.5,30.2,17.8,49.4,0,23.8,,0,0,20.9,16.6,37.8,1010,24.8,24.1,774,2.8,8,10,Partially cloudy,partly-cloudy-day,
Bangkok,2022-12-05T14:00:00,29.4,30.2,17.9,49.91,0,19,,0,0,20.6,16,38.7,1009.3,49.9,24.1,698.7,2.5,7,10,Partially cloudy,partly-cloudy-day,
Bangkok,2022-12-05T15:00:00,29.4,30.2,18,50.43,0,19,,0,0,20.4,15.4,39.7,1008.7,74.9,24.1,623.3,2.3,6,10,Partially cloudy,partly-cloudy-day,
Bangkok,2022-12-05T16:00:00,29.4,30.3,18.2,50.95,0,19,,0,0,20.2,14.8,40.6,1008,100,24.1,548,2,5,10,Overcast,cloudy,
Bangkok,2022-12-05T17:00:00,28.4,29.3,18.2,54.22,0,19,,0,0,24.1,15.8,38,1008.7,100,24.1,389.7,1.4,4,10,Overcast,cloudy,
Bangkok,2022-12-05T18:00:00,27.4,28.3,18.3,57.72,0,19,,0,0,28.1,16.9,35.3,1009.3,100,24.1,231.3,0.9,0,10,Overcast,cloudy,
Bangkok,2022-12-05T19:00:00,26.4,26.4,18.4,61.47,0,19,,0,0,32,18,32.7,1010,100,24.1,73,0.3,0,10,Overcast,cloudy,
Bangkok,2022-12-05T20:00:00,25.8,25.8,18.3,63.56,0,19,,0,0,27.7,15.4,46.5,1010.7,100,24.1,48.7,0.2,0,10,Overcast,cloudy,
Bangkok,2022-12-05T21:00:00,25.2,25.2,18.3,65.72,0,19,,0,0,23.4,12.7,60.3,1011.3,100,24.1,24.3,0.1,0,10,Overcast,cloudy,
Bangkok,2022-12-05T22:00:00,24.6,24.6,18.3,67.98,0,19,,0,0,19.1,10.1,74.1,1012,100,24.1,0,,0,10,Overcast,cloudy,
Bangkok,2022-12-05T23:00:00,24.2,24.2,18.2,69.48,0,19,,0,0,17.3,10.2,78.9,1011.7,100,24.1,0,,0,10,Overcast,cloudy,
